id,nombres,apellidos,direccion,correo_electronico,dni,edad,fecha_creacion,telefono
1,Libbie,Crock,747 Dryden Pass,lcrock0@gravatar.com,6521525689,49,Fri Dec 22 2023 00:00:00 GMT-0500 (hora estándar de Perú),849-686-4332
2,Chandal,Tredger,346 Dwight Drive,ctredger1@bluehost.com,9569352760,39,Sun Dec 24 2017 00:00:00 GMT-0500 (hora estándar de Perú),343-298-9402
3,Hendrick,Maasz,92 Bashford Road,hmaasz2@geocities.jp,3642680623,40,Mon Sep 18 2023 00:00:00 GMT-0500 (hora estándar de Perú),809-266-1127
4,Gaye,Kyneton,90 Summit Road,gkyneton3@auda.org.au,2469604672,47,Wed Jan 21 2015 00:00:00 GMT-0500 (hora estándar de Perú),161-486-9695
5,Guglielmo,Shackell,8 Southridge Street,gshackell4@chron.com,7122830268,29,Thu Oct 10 2013 00:00:00 GMT-0500 (hora estándar de Perú),852-323-8777
6,Christiana,Lummasana,82 Karstens Parkway,clummasana5@about.me,5601658889,39,Sun Aug 18 2019 00:00:00 GMT-0500 (hora estándar de Perú),509-576-7868
7,Howey,Keizman,201 Miller Center,hkeizman6@ebay.com,1492697052,31,Wed Jan 31 2018 00:00:00 GMT-0500 (hora estándar de Perú),877-992-2257
8,Charlotte,Bigglestone,89 Roxbury Street,cbigglestone7@weibo.com,7666502478,54,Sun Oct 11 2020 00:00:00 GMT-0500 (hora estándar de Perú),519-750-5012
9,Cassandry,Breffitt,551 Lotheville Hill,cbreffitt8@godaddy.com,5993461578,22,Mon Jun 20 2016 00:00:00 GMT-0500 (hora estándar de Perú),277-923-5051
10,Romola,Volage,38 Mayer Drive,rvolage9@example.com,8135104103,53,Sun Nov 10 2013 00:00:00 GMT-0500 (hora estándar de Perú),579-187-6912
11,Addie,Pheasant,22472 Hoffman Place,apheasanta@yahoo.co.jp,0056412991,29,Wed Jul 31 2019 00:00:00 GMT-0500 (hora estándar de Perú),206-789-9309
12,Burch,Randalston,6 Esker Crossing,brandalstonb@dell.com,3579543431,25,Wed Oct 17 2012 00:00:00 GMT-0500 (hora estándar de Perú),576-302-2715
13,Svend,Gregh,4 New Castle Alley,sgreghc@google.cn,2794654330,52,Sun Apr 19 2015 00:00:00 GMT-0500 (hora estándar de Perú),916-972-0424
14,Norby,Peyton,92217 Artisan Parkway,npeytond@nsw.gov.au,9929663207,18,Fri Feb 07 2020 00:00:00 GMT-0500 (hora estándar de Perú),403-357-3420
15,Abdel,Pollie,3673 Mayer Place,apolliee@nydailynews.com,4056950911,26,Sat Oct 16 2010 00:00:00 GMT-0500 (hora estándar de Perú),881-281-6588
16,Marlene,Ebbins,2248 Atwood Parkway,mebbinsf@twitter.com,2896978631,37,Fri Feb 03 2023 00:00:00 GMT-0500 (hora estándar de Perú),277-507-5921
17,Yvette,Meak,69 Lukken Place,ymeakg@live.com,4234357863,55,Mon Jul 11 2011 00:00:00 GMT-0500 (hora estándar de Perú),153-923-1469
18,Saleem,Duprey,0 Fremont Place,sdupreyh@blogtalkradio.com,5609359694,55,Tue May 15 2012 00:00:00 GMT-0500 (hora estándar de Perú),621-776-8406
19,Baryram,Bloom,1637 Moland Trail,bbloomi@4shared.com,0356961346,54,Sun May 06 2012 00:00:00 GMT-0500 (hora estándar de Perú),408-368-4021
20,Chery,Oldfield-Cherry,3 Farwell Trail,coldfieldcherryj@census.gov,9651920823,25,Tue Nov 13 2018 00:00:00 GMT-0500 (hora estándar de Perú),824-786-2122